TimeStamp,Latitude,Longitude
1709814958.446333,48.8566,2.3522
1709814958.513067,48.856700000000004,2.3523
1709814958.5798,48.8568,2.3524
1709814958.646533,48.8569,2.3525
1709814958.713267,48.857,2.3526
1709814958.78,48.8571,2.3527
1709814958.846733,48.8572,2.3528
1709814958.913467,48.8573,2.3529
1709814958.9802,48.8574,2.3529999999999998
1709814959.046933,48.8575,2.3531
1709814959.113667,48.8576,2.3531999999999997
1709814959.1804,48.8577,2.3533
1709814959.247133,48.8578,2.3533999999999997
1709814959.313867,48.8579,2.3535
1709814959.3806,48.858,2.3535999999999997
1709814959.447333,48.8581,2.3537
1709814959.514067,48.858200000000004,2.3537999999999997
1709814959.5808,48.8583,2.3539
1709814959.647533,48.8584,2.3539999999999996
1709814959.714267,48.8585,2.3541
1709814959.781,48.8586,2.3541999999999996
1709814959.847733,48.8587,2.3543
1709814959.914467,48.8588,2.3544
1709814959.9812,48.8589,2.3545
1709814960.047933,48.859,2.3546
1709814960.114667,48.8591,2.3547
1709814960.1814,48.8592,2.3548
1709814960.248133,48.8593,2.3548999999999998
1709814960.314867,48.8594,2.355
1709814960.3816,48.8595,2.3550999999999997
1709814960.448333,48.8596,2.3552
1709814960.515067,48.859700000000004,2.3552999999999997
1709814960.5818,48.8598,2.3554
1709814960.648533,48.8599,2.3554999999999997
1709814960.715267,48.86,2.3556
1709814960.782,48.8601,2.3556999999999997
1709814960.848733,48.8602,2.3558
1709814960.915467,48.8603,2.3558999999999997
1709814960.9822,48.8604,2.356
1709814961.048933,48.8605,2.3560999999999996
1709814961.115667,48.8606,2.3562
1709814961.1824,48.8607,2.3563
1709814961.249133,48.8608,2.3564
1709814961.315867,48.8609,2.3565
1709814961.3826,48.861,2.3566
1709814961.449333,48.8611,2.3567
1709814961.516067,48.861200000000004,2.3568
1709814961.5828,48.8613,2.3569
1709814961.649533,48.8614,2.3569999999999998
1709814961.716267,48.8615,2.3571
1709814961.783,48.8616,2.3571999999999997
1709814961.849733,48.8617,2.3573
1709814961.916467,48.8618,2.3573999999999997
1709814961.9832,48.8619,2.3575
1709814962.049933,48.862,2.3575999999999997
1709814962.116667,48.8621,2.3577
1709814962.1834,48.8622,2.3577999999999997
1709814962.250133,48.8623,2.3579
1709814962.316867,48.8624,2.3579999999999997
1709814962.3836,48.8625,2.3581
1709814962.450333,48.8626,2.3581999999999996
1709814962.517067,48.862700000000004,2.3583
1709814962.5838,48.8628,2.3584
1709814962.650533,48.8629,2.3585
1709814962.717267,48.863,2.3586
1709814962.784,48.8631,2.3587
1709814962.850733,48.8632,2.3588
1709814962.917467,48.8633,2.3588999999999998
1709814962.9842,48.8634,2.359
1709814963.050933,48.8635,2.3590999999999998
1709814963.117667,48.8636,2.3592
1709814963.1844,48.8637,2.3592999999999997
1709814963.251133,48.8638,2.3594
1709814963.317867,48.8639,2.3594999999999997
1709814963.3846,48.864,2.3596
1709814963.451333,48.8641,2.3596999999999997
1709814963.518067,48.8642,2.3598
1709814963.5848,48.8643,2.3598999999999997
1709814963.651533,48.8644,2.36
1709814963.718267,48.8645,2.3600999999999996
1709814963.785,48.8646,2.3602
1709814963.851733,48.8647,2.3603
1709814963.918467,48.8648,2.3604
1709814963.9852,48.8649,2.3605
1709814964.051933,48.865,2.3606
1709814964.118667,48.8651,2.3607
1709814964.1854,48.8652,2.3608
1709814964.252133,48.8653,2.3609
1709814964.318867,48.8654,2.3609999999999998
1709814964.3856,48.8655,2.3611
1709814964.452333,48.8656,2.3611999999999997
1709814964.519067,48.8657,2.3613
1709814964.5858,48.8658,2.3613999999999997
1709814964.652533,48.8659,2.3615
1709814964.719267,48.866,2.3615999999999997
1709814964.786,48.8661,2.3617
1709814964.852733,48.8662,2.3617999999999997
1709814964.919467,48.8663,2.3619
1709814964.9862,48.8664,2.3619999999999997
1709814965.052933,48.8665,2.3621
1709814965.119667,48.8666,2.3621999999999996
1709814965.1864,48.8667,2.3623
1709814965.253133,48.8668,2.3624
1709814965.319867,48.8669,2.3625
1709814965.3866,48.867,2.3626
1709814965.453333,48.8671,2.3627
1709814965.520067,48.8672,2.3628
1709814965.5868,48.8673,2.3629
1709814965.653533,48.8674,2.363
1709814965.720267,48.8675,2.3630999999999998
1709814965.787,48.8676,2.3632
1709814965.853733,48.8677,2.3632999999999997
1709814965.920467,48.8678,2.3634
1709814965.9872,48.8679,2.3634999999999997
1709814966.053933,48.868,2.3636
1709814966.120667,48.8681,2.3636999999999997
1709814966.1874,48.8682,2.3638
1709814966.254133,48.8683,2.3638999999999997
1709814966.320867,48.8684,2.364
1709814966.3876,48.8685,2.3640999999999996
1709814966.454333,48.8686,2.3642
1709814966.521067,48.8687,2.3643
1709814966.5878,48.8688,2.3644
1709814966.654533,48.868900000000004,2.3645
1709814966.721267,48.869,2.3646
1709814966.788,48.8691,2.3647
1709814966.854733,48.8692,2.3648
1709814966.921467,48.8693,2.3649
1709814966.9882,48.8694,2.3649999999999998
1709814967.054933,48.8695,2.3651
1709814967.121667,48.8696,2.3651999999999997
1709814967.1884,48.8697,2.3653
1709814967.255133,48.8698,2.3653999999999997
1709814967.321867,48.8699,2.3655
1709814967.3886,48.87,2.3655999999999997
1709814967.455333,48.8701,2.3657
1709814967.522067,48.8702,2.3657999999999997
1709814967.5888,48.8703,2.3659
1709814967.655533,48.870400000000004,2.3659999999999997
1709814967.722267,48.8705,2.3661
1709814967.789,48.8706,2.3661999999999996
1709814967.855733,48.8707,2.3663
1709814967.922467,48.8708,2.3664
1709814967.9892,48.8709,2.3665
1709814968.055933,48.871,2.3666
1709814968.122667,48.8711,2.3667
1709814968.1894,48.8712,2.3668
1709814968.256133,48.8713,2.3669
1709814968.322867,48.8714,2.367
1709814968.3896,48.8715,2.3670999999999998
1709814968.456333,48.8716,2.3672
1709814968.523067,48.8717,2.3672999999999997
1709814968.5898,48.8718,2.3674
1709814968.656533,48.871900000000004,2.3674999999999997
1709814968.723267,48.872,2.3676
1709814968.79,48.8721,2.3676999999999997
1709814968.856733,48.8722,2.3678
1709814968.923467,48.8723,2.3678999999999997
1709814968.9902,48.8724,2.368
1709814969.056933,48.8725,2.3680999999999996
1709814969.123667,48.8726,2.3682
1709814969.1904,48.8727,2.3682999999999996
1709814969.257133,48.8728,2.3684
1709814969.323867,48.8729,2.3685
1709814969.3906,48.873,2.3686
1709814969.457333,48.8731,2.3687
1709814969.524067,48.8732,2.3688
1709814969.5908,48.8733,2.3689
1709814969.657533,48.873400000000004,2.3689999999999998
1709814969.724267,48.8735,2.3691
1709814969.791,48.8736,2.3691999999999998
1709814969.857733,48.8737,2.3693
1709814969.924467,48.8738,2.3693999999999997
1709814969.9912,48.8739,2.3695
1709814970.057933,48.874,2.3695999999999997
1709814970.124667,48.8741,2.3697
1709814970.1914,48.8742,2.3697999999999997
1709814970.258133,48.8743,2.3699
1709814970.324867,48.8744,2.3699999999999997
1709814970.3916,48.8745,2.3701
1709814970.458333,48.8746,2.3701999999999996
1709814970.525067,48.8747,2.3703
1709814970.5918,48.8748,2.3704
1709814970.658533,48.874900000000004,2.3705
1709814970.725267,48.875,2.3706
1709814970.792,48.8751,2.3707
1709814970.858733,48.8752,2.3708
1709814970.925467,48.8753,2.3709
1709814970.9922,48.8754,2.371
1709814971.058933,48.8755,2.3710999999999998
1709814971.125667,48.8756,2.3712
1709814971.1924,48.8757,2.3712999999999997
1709814971.259133,48.8758,2.3714
1709814971.325867,48.8759,2.3714999999999997
1709814971.3926,48.876,2.3716
1709814971.459333,48.8761,2.3716999999999997
1709814971.526067,48.8762,2.3718
1709814971.5928,48.8763,2.3718999999999997
1709814971.659533,48.8764,2.372
1709814971.726267,48.8765,2.3720999999999997
1709814971.793,48.8766,2.3722
1709814971.859733,48.8767,2.3722999999999996
1709814971.926467,48.8768,2.3724
1709814971.9932,48.8769,2.3725
1709814972.059933,48.877,2.3726
1709814972.126667,48.8771,2.3727
1709814972.1934,48.8772,2.3728
1709814972.260133,48.8773,2.3729
1709814972.326867,48.8774,2.3729999999999998
1709814972.3936,48.8775,2.3731
1709814972.460333,48.8776,2.3731999999999998
1709814972.527067,48.8777,2.3733
1709814972.5938,48.8778,2.3733999999999997
1709814972.660533,48.8779,2.3735
1709814972.727267,48.878,2.3735999999999997
1709814972.794,48.8781,2.3737
1709814972.860733,48.8782,2.3737999999999997
1709814972.927467,48.8783,2.3739
1709814972.9942,48.8784,2.3739999999999997
1709814973.060933,48.8785,2.3741
1709814973.127667,48.8786,2.3741999999999996
1709814973.1944,48.8787,2.3743
1709814973.261133,48.8788,2.3744
1709814973.327867,48.8789,2.3745
1709814973.3946,48.879,2.3746
1709814973.461333,48.8791,2.3747
1709814973.528067,48.8792,2.3748
1709814973.5948,48.8793,2.3749
1709814973.661533,48.8794,2.375
1709814973.728267,48.8795,2.3750999999999998
1709814973.795,48.8796,2.3752
1709814973.861733,48.8797,2.3752999999999997
1709814973.928467,48.8798,2.3754
1709814973.9952,48.8799,2.3754999999999997
1709814974.061933,48.88,2.3756
1709814974.128667,48.8801,2.3756999999999997
1709814974.1954,48.8802,2.3758
1709814974.262133,48.8803,2.3758999999999997
1709814974.328867,48.8804,2.376
1709814974.3956,48.8805,2.3760999999999997
1709814974.462333,48.8806,2.3762
1709814974.529067,48.8807,2.3762999999999996
1709814974.5958,48.8808,2.3764
1709814974.662533,48.8809,2.3765
1709814974.729267,48.881,2.3766
1709814974.796,48.8811,2.3767
1709814974.862733,48.8812,2.3768
1709814974.929467,48.8813,2.3769
1709814974.9962,48.8814,2.377
1709814975.062933,48.8815,2.3771
1709814975.129667,48.8816,2.3771999999999998
1709814975.1964,48.8817,2.3773
1709814975.263133,48.8818,2.3773999999999997
1709814975.329867,48.8819,2.3775
1709814975.3966,48.882,2.3775999999999997
1709814975.463333,48.8821,2.3777
1709814975.530067,48.8822,2.3777999999999997
1709814975.5968,48.8823,2.3779
1709814975.663533,48.8824,2.3779999999999997
1709814975.730267,48.8825,2.3781
1709814975.797,48.882600000000004,2.3781999999999996
1709814975.863733,48.8827,2.3783
1709814975.930467,48.8828,2.3784
1709814975.9972,48.8829,2.3785
1709814976.063933,48.883,2.3786
1709814976.130667,48.8831,2.3787
1709814976.1974,48.8832,2.3788
1709814976.264133,48.8833,2.3789
1709814976.330867,48.8834,2.379
1709814976.3976,48.8835,2.3790999999999998
1709814976.464333,48.8836,2.3792
1709814976.531067,48.8837,2.3792999999999997
1709814976.5978,48.8838,2.3794
1709814976.664533,48.8839,2.3794999999999997
1709814976.731267,48.884,2.3796
1709814976.798,48.884100000000004,2.3796999999999997
1709814976.864733,48.8842,2.3798
1709814976.931467,48.8843,2.3798999999999997
1709814976.9982,48.8844,2.38
1709814977.064933,48.8845,2.3800999999999997
1709814977.131667,48.8846,2.3802
1709814977.1984,48.8847,2.3802999999999996
1709814977.265133,48.8848,2.3804
1709814977.331867,48.8849,2.3805
1709814977.3986,48.885,2.3806
1709814977.465333,48.8851,2.3807
1709814977.532067,48.8852,2.3808
1709814977.5988,48.8853,2.3809
1709814977.665533,48.8854,2.381
1709814977.732267,48.8855,2.3811
1709814977.799,48.885600000000004,2.3811999999999998
1709814977.865733,48.8857,2.3813
1709814977.932467,48.8858,2.3813999999999997
1709814977.9992,48.8859,2.3815
1709814978.065933,48.886,2.3815999999999997
1709814978.132667,48.8861,2.3817
1709814978.1994,48.8862,2.3817999999999997
1709814978.266133,48.8863,2.3819
1709814978.332867,48.8864,2.3819999999999997
1709814978.3996,48.8865,2.3821
1709814978.466333,48.8866,2.3821999999999997
1709814978.533067,48.8867,2.3823
1709814978.5998,48.8868,2.3823999999999996
1709814978.666533,48.8869,2.3825
1709814978.733267,48.887,2.3826
1709814978.8,48.887100000000004,2.3827
1709814978.866733,48.8872,2.3828
1709814978.933467,48.8873,2.3829
1709814979.0002,48.8874,2.383
1709814979.066933,48.8875,2.3830999999999998
1709814979.133667,48.8876,2.3832
1709814979.2004,48.8877,2.3832999999999998
1709814979.267133,48.8878,2.3834
1709814979.333867,48.8879,2.3834999999999997
1709814979.4006,48.888,2.3836
1709814979.467333,48.8881,2.3836999999999997
1709814979.534067,48.8882,2.3838
1709814979.6008,48.8883,2.3838999999999997
1709814979.667533,48.8884,2.384
1709814979.734267,48.8885,2.3840999999999997
1709814979.801,48.8886,2.3842
1709814979.867733,48.8887,2.3842999999999996
1709814979.934467,48.8888,2.3844
1709814980.0012,48.8889,2.3845
1709814980.067933,48.889,2.3846
1709814980.134667,48.8891,2.3847
1709814980.2014,48.8892,2.3848
1709814980.268133,48.8893,2.3849
1709814980.334867,48.8894,2.385
1709814980.4016,48.8895,2.3851
1709814980.468333,48.8896,2.3851999999999998
1709814980.535067,48.8897,2.3853
1709814980.6018,48.8898,2.3853999999999997
1709814980.668533,48.8899,2.3855
1709814980.735267,48.89,2.3855999999999997
1709814980.802,48.8901,2.3857
1709814980.868733,48.8902,2.3857999999999997
1709814980.935467,48.8903,2.3859
1709814981.0022,48.8904,2.3859999999999997
1709814981.068933,48.8905,2.3861
1709814981.135667,48.8906,2.3861999999999997
1709814981.2024,48.8907,2.3863
1709814981.269133,48.8908,2.3863999999999996
1709814981.335867,48.8909,2.3865
1709814981.4026,48.891,2.3866
1709814981.469333,48.8911,2.3867
1709814981.536067,48.8912,2.3868
1709814981.6028,48.8913,2.3869
1709814981.669533,48.8914,2.387
1709814981.736267,48.8915,2.3870999999999998
1709814981.803,48.8916,2.3872
1709814981.869733,48.8917,2.3872999999999998
1709814981.936467,48.8918,2.3874
1709814982.0032,48.8919,2.3874999999999997
1709814982.069933,48.892,2.3876
1709814982.136667,48.8921,2.3876999999999997
1709814982.2034,48.8922,2.3878
1709814982.270133,48.8923,2.3878999999999997
1709814982.336867,48.8924,2.388
1709814982.4036,48.8925,2.3880999999999997
1709814982.470333,48.8926,2.3882
1709814982.537067,48.8927,2.3882999999999996
1709814982.6038,48.8928,2.3884
1709814982.670533,48.8929,2.3884999999999996
1709814982.737267,48.893,2.3886
1709814982.804,48.8931,2.3887
1709814982.870733,48.8932,2.3888
1709814982.937467,48.8933,2.3889
1709814983.0042,48.8934,2.389
1709814983.070933,48.8935,2.3891
1709814983.137667,48.8936,2.3891999999999998
1709814983.2044,48.8937,2.3893
1709814983.271133,48.8938,2.3893999999999997
1709814983.337867,48.8939,2.3895
1709814983.4046,48.894,2.3895999999999997
1709814983.471333,48.8941,2.3897
1709814983.538067,48.8942,2.3897999999999997
1709814983.6048,48.8943,2.3899
1709814983.671533,48.8944,2.3899999999999997
1709814983.738267,48.8945,2.3901
1709814983.805,48.8946,2.3901999999999997
1709814983.871733,48.8947,2.3903
1709814983.938467,48.894800000000004,2.3903999999999996
1709814984.0052,48.8949,2.3905
1709814984.071933,48.895,2.3906
1709814984.138667,48.8951,2.3907
1709814984.2054,48.8952,2.3908
1709814984.272133,48.8953,2.3909
1709814984.338867,48.8954,2.391
1709814984.4056,48.8955,2.3911
1709814984.472333,48.8956,2.3912
1709814984.539067,48.8957,2.3912999999999998
1709814984.6058,48.8958,2.3914
1709814984.672533,48.8959,2.3914999999999997
1709814984.739267,48.896,2.3916
1709814984.806,48.8961,2.3916999999999997
1709814984.872733,48.8962,2.3918
1709814984.939467,48.896300000000004,2.3918999999999997
1709814985.0062,48.8964,2.392
1709814985.072933,48.8965,2.3920999999999997
1709814985.139667,48.8966,2.3922
1709814985.2064,48.8967,2.3922999999999996
1709814985.273133,48.8968,2.3924
1709814985.339867,48.8969,2.3925
1709814985.4066,48.897,2.3926
1709814985.473333,48.8971,2.3927
1709814985.540067,48.8972,2.3928
1709814985.6068,48.8973,2.3929
1709814985.673533,48.8974,2.393
1709814985.740267,48.8975,2.3931
1709814985.807,48.8976,2.3931999999999998
1709814985.873733,48.8977,2.3933
1709814985.940467,48.897800000000004,2.3933999999999997
1709814986.0072,48.8979,2.3935
1709814986.073933,48.898,2.3935999999999997
1709814986.140667,48.8981,2.3937
1709814986.2074,48.8982,2.3937999999999997
1709814986.274133,48.8983,2.3939
1709814986.340867,48.8984,2.3939999999999997
1709814986.4076,48.8985,2.3941
1709814986.474333,48.8986,2.3941999999999997
1709814986.541067,48.8987,2.3943
1709814986.6078,48.8988,2.3943999999999996
1709814986.674533,48.8989,2.3945
1709814986.741267,48.899,2.3946
1709814986.808,48.8991,2.3947
1709814986.874733,48.8992,2.3948
1709814986.941467,48.899300000000004,2.3949
1709814987.0082,48.8994,2.395
1709814987.074933,48.8995,2.3951
1709814987.141667,48.8996,2.3952
1709814987.2084,48.8997,2.3952999999999998
1709814987.275133,48.8998,2.3954
1709814987.341867,48.8999,2.3954999999999997
1709814987.4086,48.9,2.3956
1709814987.475333,48.9001,2.3956999999999997
1709814987.542067,48.9002,2.3958
1709814987.6088,48.9003,2.3958999999999997
1709814987.675533,48.9004,2.396
1709814987.742267,48.9005,2.3960999999999997
1709814987.809,48.9006,2.3962
1709814987.875733,48.9007,2.3962999999999997
1709814987.942467,48.9008,2.3964
1709814988.0092,48.9009,2.3964999999999996
1709814988.075933,48.901,2.3966
1709814988.142667,48.9011,2.3967
1709814988.2094,48.9012,2.3968
1709814988.276133,48.9013,2.3969
1709814988.342867,48.9014,2.397
1709814988.4096,48.9015,2.3971
1709814988.476333,48.9016,2.3971999999999998
1709814988.543067,48.9017,2.3973
1709814988.6098,48.9018,2.3973999999999998
1709814988.676533,48.9019,2.3975
1709814988.743267,48.902,2.3975999999999997
1709814988.81,48.9021,2.3977
1709814988.876733,48.9022,2.3977999999999997
1709814988.943467,48.9023,2.3979
1709814989.0102,48.9024,2.3979999999999997
1709814989.076933,48.9025,2.3981
1709814989.143667,48.9026,2.3981999999999997
1709814989.2104,48.9027,2.3983
1709814989.277133,48.9028,2.3983999999999996
1709814989.343867,48.9029,2.3985
1709814989.4106,48.903,2.3986
1709814989.477333,48.9031,2.3987
1709814989.544067,48.9032,2.3988
1709814989.6108,48.9033,2.3989
1709814989.677533,48.9034,2.399
1709814989.744267,48.9035,2.3991
1709814989.811,48.9036,2.3992
1709814989.877733,48.9037,2.3992999999999998
1709814989.944467,48.9038,2.3994
1709814990.0112,48.9039,2.3994999999999997
1709814990.077933,48.904,2.3996
1709814990.144667,48.9041,2.3996999999999997
1709814990.2114,48.9042,2.3998
1709814990.278133,48.9043,2.3998999999999997
1709814990.344867,48.9044,2.4
1709814990.4116,48.9045,2.4000999999999997
1709814990.478333,48.9046,2.4002
1709814990.545067,48.9047,2.4002999999999997
1709814990.6118,48.9048,2.4004
1709814990.678533,48.9049,2.4004999999999996
1709814990.745267,48.905,2.4006
1709814990.812,48.9051,2.4007
1709814990.878733,48.9052,2.4008
1709814990.945467,48.9053,2.4009
1709814991.0122,48.9054,2.401
1709814991.078933,48.9055,2.4011
1709814991.145667,48.9056,2.4012
1709814991.2124,48.9057,2.4013
1709814991.279133,48.9058,2.4013999999999998
1709814991.345867,48.9059,2.4015
1709814991.4126,48.906,2.4015999999999997
1709814991.479333,48.9061,2.4017
1709814991.546067,48.9062,2.4017999999999997
1709814991.6128,48.9063,2.4019
1709814991.679533,48.9064,2.4019999999999997
1709814991.746267,48.9065,2.4021
1709814991.813,48.9066,2.4021999999999997
1709814991.879733,48.9067,2.4023
1709814991.946467,48.9068,2.4023999999999996
1709814992.0132,48.9069,2.4025
1709814992.079933,48.907000000000004,2.4025999999999996
1709814992.146667,48.9071,2.4027
1709814992.2134,48.9072,2.4028
1709814992.280133,48.9073,2.4029
1709814992.346867,48.9074,2.403
1709814992.4136,48.9075,2.4031
1709814992.480333,48.9076,2.4032
1709814992.547067,48.9077,2.4032999999999998
1709814992.6138,48.9078,2.4034
1709814992.680533,48.9079,2.4034999999999997
1709814992.747267,48.908,2.4036
1709814992.814,48.9081,2.4036999999999997
1709814992.880733,48.9082,2.4038
1709814992.947467,48.9083,2.4038999999999997
1709814993.0142,48.9084,2.404
1709814993.080933,48.908500000000004,2.4040999999999997
1709814993.147667,48.9086,2.4042
1709814993.2144,48.9087,2.4042999999999997
1709814993.281133,48.9088,2.4044
1709814993.347867,48.9089,2.4044999999999996
1709814993.4146,48.909,2.4046
1709814993.481333,48.9091,2.4047
1709814993.548067,48.9092,2.4048
1709814993.6148,48.9093,2.4049
1709814993.681533,48.9094,2.405
1709814993.748267,48.9095,2.4051
1709814993.815,48.9096,2.4052
1709814993.881733,48.9097,2.4053
1709814993.948467,48.9098,2.4053999999999998
1709814994.0152,48.9099,2.4055
1709814994.081933,48.910000000000004,2.4055999999999997
1709814994.148667,48.9101,2.4057
1709814994.2154,48.9102,2.4057999999999997
1709814994.282133,48.9103,2.4059
1709814994.348867,48.9104,2.4059999999999997
1709814994.4156,48.9105,2.4061
1709814994.482333,48.9106,2.4061999999999997
1709814994.549067,48.9107,2.4063
1709814994.6158,48.9108,2.4063999999999997
1709814994.682533,48.9109,2.4065
1709814994.749267,48.911,2.4066
1709814994.816,48.9111,2.4067
1709814994.882733,48.9112,2.4068
1709814994.949467,48.9113,2.4069
1709814995.0162,48.9114,2.407
1709814995.082933,48.911500000000004,2.4071
1709814995.149667,48.9116,2.4072
1709814995.2164,48.9117,2.4072999999999998
1709814995.283133,48.9118,2.4074
1709814995.349867,48.9119,2.4074999999999998
1709814995.4166,48.912,2.4076
1709814995.483333,48.9121,2.4076999999999997
1709814995.550067,48.9122,2.4078
1709814995.6168,48.9123,2.4078999999999997
1709814995.683533,48.9124,2.408
1709814995.750267,48.9125,2.4080999999999997
1709814995.817,48.9126,2.4082
1709814995.883733,48.9127,2.4082999999999997
1709814995.950467,48.9128,2.4084
1709814996.0172,48.9129,2.4084999999999996
1709814996.083933,48.913,2.4086
1709814996.150667,48.9131,2.4087
1709814996.2174,48.9132,2.4088
1709814996.284133,48.9133,2.4089
1709814996.350867,48.9134,2.409
1709814996.4176,48.9135,2.4091
1709814996.484333,48.9136,2.4092
1709814996.551067,48.9137,2.4093
1709814996.6178,48.9138,2.4093999999999998
1709814996.684533,48.9139,2.4095
1709814996.751267,48.914,2.4095999999999997
1709814996.818,48.9141,2.4097
1709814996.884733,48.9142,2.4097999999999997
1709814996.951467,48.9143,2.4099
1709814997.0182,48.9144,2.4099999999999997
1709814997.084933,48.9145,2.4101
1709814997.151667,48.9146,2.4101999999999997
1709814997.2184,48.9147,2.4103
1709814997.285133,48.9148,2.4103999999999997
1709814997.351867,48.9149,2.4105
1709814997.4186,48.915,2.4105999999999996
1709814997.485333,48.9151,2.4107
1709814997.552067,48.9152,2.4108
1709814997.6188,48.9153,2.4109
1709814997.685533,48.9154,2.411
1709814997.752267,48.9155,2.4111
1709814997.819,48.9156,2.4112
1709814997.885733,48.9157,2.4112999999999998
1709814997.952467,48.9158,2.4114
1709814998.0192,48.9159,2.4114999999999998
1709814998.085933,48.916,2.4116
1709814998.152667,48.9161,2.4116999999999997
1709814998.2194,48.9162,2.4118
1709814998.286133,48.9163,2.4118999999999997
1709814998.352867,48.9164,2.412
1709814998.4196,48.9165,2.4120999999999997
1709814998.486333,48.9166,2.4122
1709814998.553067,48.9167,2.4122999999999997
1709814998.6198,48.9168,2.4124
1709814998.686533,48.9169,2.4124999999999996
1709814998.753267,48.917,2.4126
1709814998.82,48.9171,2.4127
1709814998.886733,48.9172,2.4128
1709814998.953467,48.9173,2.4129
1709814999.0202,48.9174,2.413
1709814999.086933,48.9175,2.4131
1709814999.153667,48.9176,2.4132
1709814999.2204,48.9177,2.4133
1709814999.287133,48.9178,2.4133999999999998
1709814999.353867,48.9179,2.4135
1709814999.4206,48.918,2.4135999999999997
1709814999.487333,48.9181,2.4137
1709814999.554067,48.9182,2.4137999999999997
1709814999.6208,48.9183,2.4139
1709814999.687533,48.9184,2.4139999999999997
1709814999.754267,48.9185,2.4141
1709814999.821,48.9186,2.4141999999999997
1709814999.887733,48.9187,2.4143
1709814999.954467,48.9188,2.4143999999999997
1709815000.0212,48.9189,2.4145
1709815000.087933,48.919,2.4145999999999996
1709815000.154667,48.9191,2.4147
1709815000.2214,48.919200000000004,2.4148
1709815000.288133,48.9193,2.4149
1709815000.354867,48.9194,2.415
1709815000.4216,48.9195,2.4151
1709815000.488333,48.9196,2.4152
1709815000.555067,48.9197,2.4153
1709815000.6218,48.9198,2.4154
1709815000.688533,48.9199,2.4154999999999998
1709815000.755267,48.92,2.4156
1709815000.822,48.9201,2.4156999999999997
1709815000.888733,48.9202,2.4158
1709815000.955467,48.9203,2.4158999999999997
1709815001.0222,48.9204,2.416
1709815001.088933,48.9205,2.4160999999999997
1709815001.155667,48.9206,2.4162
1709815001.2224,48.920700000000004,2.4162999999999997
1709815001.289133,48.9208,2.4164
1709815001.355867,48.9209,2.4164999999999996
1709815001.4226,48.921,2.4166
1709815001.489333,48.9211,2.4166999999999996
1709815001.556067,48.9212,2.4168
1709815001.6228,48.9213,2.4169
1709815001.689533,48.9214,2.417
1709815001.756267,48.9215,2.4171
1709815001.823,48.9216,2.4172
1709815001.889733,48.9217,2.4173
1709815001.956467,48.9218,2.4173999999999998
1709815002.0232,48.9219,2.4175
1709815002.089933,48.922,2.4175999999999997
1709815002.156667,48.9221,2.4177
1709815002.2234,48.922200000000004,2.4177999999999997
1709815002.290133,48.9223,2.4179
1709815002.356867,48.9224,2.4179999999999997
1709815002.4236,48.9225,2.4181
1709815002.490333,48.9226,2.4181999999999997
1709815002.557067,48.9227,2.4183
1709815002.6238,48.9228,2.4183999999999997
1709815002.690533,48.9229,2.4185
1709815002.757267,48.923,2.4185999999999996
1709815002.824,48.9231,2.4187
1709815002.890733,48.9232,2.4188
1709815002.957467,48.9233,2.4189
1709815003.0242,48.9234,2.419
1709815003.090933,48.9235,2.4191
1709815003.157667,48.9236,2.4192
1709815003.2244,48.923700000000004,2.4193
1709815003.291133,48.9238,2.4194
1709815003.357867,48.9239,2.4194999999999998
1709815003.4246,48.924,2.4196
1709815003.491333,48.9241,2.4196999999999997
1709815003.558067,48.9242,2.4198
1709815003.6248,48.9243,2.4198999999999997
1709815003.691533,48.9244,2.42
1709815003.758267,48.9245,2.4200999999999997
1709815003.825,48.9246,2.4202
1709815003.891733,48.9247,2.4202999999999997
1709815003.958467,48.9248,2.4204
1709815004.0252,48.9249,2.4204999999999997
1709815004.091933,48.925,2.4206
1709815004.158667,48.9251,2.4207
1709815004.2254,48.925200000000004,2.4208
1709815004.292133,48.9253,2.4209
1709815004.358867,48.9254,2.421
1709815004.4256,48.9255,2.4211
1709815004.492333,48.9256,2.4212
1709815004.559067,48.9257,2.4213
1709815004.6258,48.9258,2.4213999999999998
1709815004.692533,48.9259,2.4215
1709815004.759267,48.926,2.4215999999999998
1709815004.826,48.9261,2.4217
1709815004.892733,48.9262,2.4217999999999997
1709815004.959467,48.9263,2.4219
1709815005.0262,48.9264,2.4219999999999997
1709815005.092933,48.9265,2.4221
1709815005.159667,48.9266,2.4221999999999997
1709815005.2264,48.9267,2.4223
1709815005.293133,48.9268,2.4223999999999997
1709815005.359867,48.9269,2.4225
1709815005.4266,48.927,2.4225999999999996
1709815005.493333,48.9271,2.4227
1709815005.560067,48.9272,2.4228
1709815005.6268,48.9273,2.4229
1709815005.693533,48.9274,2.423
1709815005.760267,48.9275,2.4231
1709815005.827,48.9276,2.4232
1709815005.893733,48.9277,2.4233
1709815005.960467,48.9278,2.4234
1709815006.0272,48.9279,2.4234999999999998
1709815006.093933,48.928,2.4236
1709815006.160667,48.9281,2.4236999999999997
1709815006.2274,48.9282,2.4238
1709815006.294133,48.9283,2.4238999999999997
1709815006.360867,48.9284,2.424
1709815006.4276,48.9285,2.4240999999999997
1709815006.494333,48.9286,2.4242
1709815006.561067,48.9287,2.4242999999999997
1709815006.6278,48.9288,2.4244
1709815006.694533,48.9289,2.4244999999999997
1709815006.761267,48.929,2.4246
1709815006.828,48.9291,2.4246999999999996
1709815006.894733,48.9292,2.4248
1709815006.961467,48.9293,2.4249
1709815007.0282,48.9294,2.425
1709815007.094933,48.9295,2.4251
1709815007.161667,48.9296,2.4252
1709815007.2284,48.9297,2.4253
1709815007.295133,48.9298,2.4254
1709815007.361867,48.9299,2.4255
1709815007.4286,48.93,2.4255999999999998
1709815007.495333,48.9301,2.4257
1709815007.562067,48.9302,2.4257999999999997
1709815007.6288,48.9303,2.4259
1709815007.695533,48.9304,2.4259999999999997
1709815007.762267,48.9305,2.4261
1709815007.829,48.9306,2.4261999999999997
1709815007.895733,48.9307,2.4263
1709815007.962467,48.9308,2.4263999999999997
1709815008.0292,48.9309,2.4265
1709815008.095933,48.931,2.4265999999999996
1709815008.162667,48.9311,2.4267
1709815008.2294,48.9312,2.4268
1709815008.296133,48.9313,2.4269
1709815008.362867,48.931400000000004,2.427
1709815008.4296,48.9315,2.4271
1709815008.496333,48.9316,2.4272
1709815008.563067,48.9317,2.4273
1709815008.6298,48.9318,2.4274
1709815008.696533,48.9319,2.4274999999999998
1709815008.763267,48.932,2.4276
1709815008.83,48.9321,2.4276999999999997
1709815008.896733,48.9322,2.4278
1709815008.963467,48.9323,2.4278999999999997
1709815009.0302,48.9324,2.428
1709815009.096933,48.9325,2.4280999999999997
1709815009.163667,48.9326,2.4282
1709815009.2304,48.9327,2.4282999999999997
1709815009.297133,48.9328,2.4284
1709815009.363867,48.932900000000004,2.4284999999999997
1709815009.4306,48.933,2.4286
1709815009.497333,48.9331,2.4286999999999996
1709815009.564067,48.9332,2.4288
1709815009.6308,48.9333,2.4289
1709815009.697533,48.9334,2.429
1709815009.764267,48.9335,2.4291
1709815009.831,48.9336,2.4292
1709815009.897733,48.9337,2.4293
1709815009.964467,48.9338,2.4294
1709815010.0312,48.9339,2.4295
1709815010.097933,48.934,2.4295999999999998
1709815010.164667,48.9341,2.4297
1709815010.2314,48.9342,2.4297999999999997
1709815010.298133,48.9343,2.4299
1709815010.364867,48.934400000000004,2.4299999999999997
1709815010.4316,48.9345,2.4301
1709815010.498333,48.9346,2.4301999999999997
1709815010.565067,48.9347,2.4303
1709815010.6318,48.9348,2.4303999999999997
1709815010.698533,48.9349,2.4305
1709815010.765267,48.935,2.4305999999999996
1709815010.832,48.9351,2.4307
1709815010.898733,48.9352,2.4307999999999996
1709815010.965467,48.9353,2.4309
1709815011.0322,48.9354,2.431
1709815011.098933,48.9355,2.4311
1709815011.165667,48.9356,2.4312
1709815011.2324,48.9357,2.4313
1709815011.299133,48.9358,2.4314
1709815011.365867,48.935900000000004,2.4314999999999998
1709815011.4326,48.936,2.4316
1709815011.499333,48.9361,2.4316999999999998
1709815011.566067,48.9362,2.4318
1709815011.6328,48.9363,2.4318999999999997
1709815011.699533,48.9364,2.432
1709815011.766267,48.9365,2.4320999999999997
1709815011.833,48.9366,2.4322
1709815011.899733,48.9367,2.4322999999999997
1709815011.966467,48.9368,2.4324
1709815012.0332,48.9369,2.4324999999999997
1709815012.099933,48.937,2.4326
1709815012.166667,48.9371,2.4326999999999996
1709815012.2334,48.9372,2.4328
1709815012.300133,48.9373,2.4329
1709815012.366867,48.937400000000004,2.433
1709815012.4336,48.9375,2.4331
1709815012.500333,48.9376,2.4332
1709815012.567067,48.9377,2.4333
1709815012.6338,48.9378,2.4334
1709815012.700533,48.9379,2.4335
1709815012.767267,48.938,2.4335999999999998
1709815012.834,48.9381,2.4337
1709815012.900733,48.9382,2.4337999999999997
1709815012.967467,48.9383,2.4339
1709815013.0342,48.9384,2.4339999999999997
1709815013.100933,48.9385,2.4341
1709815013.167667,48.9386,2.4341999999999997
1709815013.2344,48.9387,2.4343
1709815013.301133,48.9388,2.4343999999999997
1709815013.367867,48.9389,2.4345
1709815013.4346,48.939,2.4345999999999997
1709815013.501333,48.9391,2.4347
1709815013.568067,48.9392,2.4348
1709815013.6348,48.9393,2.4349
1709815013.701533,48.9394,2.435
1709815013.768267,48.9395,2.4351
1709815013.835,48.9396,2.4352
1709815013.901733,48.9397,2.4353
1709815013.968467,48.9398,2.4354
1709815014.0352,48.9399,2.4354999999999998
1709815014.101933,48.94,2.4356
1709815014.168667,48.9401,2.4356999999999998
1709815014.2354,48.9402,2.4358
1709815014.302133,48.9403,2.4358999999999997
1709815014.368867,48.9404,2.436
1709815014.4356,48.9405,2.4360999999999997
1709815014.502333,48.9406,2.4362
1709815014.569067,48.9407,2.4362999999999997
1709815014.6358,48.9408,2.4364
1709815014.702533,48.9409,2.4364999999999997
1709815014.769267,48.941,2.4366
1709815014.836,48.9411,2.4366999999999996
1709815014.902733,48.9412,2.4368
1709815014.969467,48.9413,2.4368999999999996
1709815015.0362,48.9414,2.437
1709815015.102933,48.9415,2.4371
1709815015.169667,48.9416,2.4372
1709815015.2364,48.9417,2.4373
1709815015.303133,48.9418,2.4374
1709815015.369867,48.9419,2.4375
1709815015.4366,48.942,2.4375999999999998
1709815015.503333,48.9421,2.4377
1709815015.570067,48.9422,2.4377999999999997
1709815015.6368,48.9423,2.4379
1709815015.703533,48.9424,2.4379999999999997
1709815015.770267,48.9425,2.4381
1709815015.837,48.9426,2.4381999999999997
1709815015.903733,48.9427,2.4383
1709815015.970467,48.9428,2.4383999999999997
1709815016.0372,48.9429,2.4385
1709815016.103933,48.943,2.4385999999999997
1709815016.170667,48.9431,2.4387
1709815016.2374,48.9432,2.4387999999999996
1709815016.304133,48.9433,2.4389
1709815016.370867,48.9434,2.439
1709815016.4376,48.9435,2.4391
1709815016.504333,48.9436,2.4392
1709815016.571067,48.9437,2.4393
1709815016.6378,48.9438,2.4394
1709815016.704533,48.9439,2.4395
1709815016.771267,48.944,2.4396
1709815016.838,48.9441,2.4396999999999998
1709815016.904733,48.9442,2.4398
1709815016.971467,48.9443,2.4398999999999997
1709815017.0382,48.9444,2.44
1709815017.104933,48.9445,2.4400999999999997
1709815017.171667,48.9446,2.4402
1709815017.2384,48.9447,2.4402999999999997
1709815017.305133,48.9448,2.4404
1709815017.371867,48.9449,2.4404999999999997
1709815017.4386,48.945,2.4406
1709815017.505333,48.945100000000004,2.4406999999999996
1709815017.572067,48.9452,2.4408
1709815017.6388,48.9453,2.4409
1709815017.705533,48.9454,2.441
1709815017.772267,48.9455,2.4411
1709815017.839,48.9456,2.4412
1709815017.905733,48.9457,2.4413
1709815017.972467,48.9458,2.4414
1709815018.0392,48.9459,2.4415
1709815018.105933,48.946,2.4415999999999998
1709815018.172667,48.9461,2.4417
1709815018.2394,48.9462,2.4417999999999997
1709815018.306133,48.9463,2.4419
1709815018.372867,48.9464,2.4419999999999997
1709815018.4396,48.9465,2.4421
1709815039.193667,48.946600000000004,2.4421999999999997
1709815039.2604,48.9467,2.4423
1709815039.327133,48.9468,2.4423999999999997
1709815039.393867,48.9469,2.4425
1709815039.4606,48.947,2.4425999999999997
1709815039.527333,48.9471,2.4427
1709815039.594067,48.9472,2.4427999999999996
1709815039.6608,48.9473,2.4429
1709815039.727533,48.9474,2.443
1709815039.794267,48.9475,2.4431
1709815039.861,48.9476,2.4432
1709815039.927733,48.9477,2.4433
1709815039.994467,48.9478,2.4434
1709815040.0612,48.9479,2.4435
1709815040.127933,48.948,2.4436
1709815040.194667,48.948100000000004,2.4436999999999998
1709815040.2614,48.9482,2.4438
1709815040.328133,48.9483,2.4438999999999997
1709815040.394867,48.9484,2.444
1709815040.4616,48.9485,2.4440999999999997
1709815040.528333,48.9486,2.4442
1709815040.595067,48.9487,2.4442999999999997
1709815040.6618,48.9488,2.4444
1709815040.728533,48.9489,2.4444999999999997
1709815040.795267,48.949,2.4446
1709815040.862,48.9491,2.4446999999999997
1709815040.928733,48.9492,2.4448
1709815040.995467,48.9493,2.4448999999999996
1709815041.0622,48.9494,2.445
1709815041.128933,48.9495,2.4451
1709815041.195667,48.949600000000004,2.4452
1709815041.2624,48.9497,2.4453
1709815041.329133,48.9498,2.4454
1709815041.395867,48.9499,2.4455
1709815041.4626,48.95,2.4455999999999998
1709815041.529333,48.9501,2.4457
1709815041.596067,48.9502,2.4457999999999998
1709815041.6628,48.9503,2.4459
1709815041.729533,48.9504,2.4459999999999997
1709815041.796267,48.9505,2.4461
1709815041.863,48.9506,2.4461999999999997
1709815041.929733,48.9507,2.4463
1709815041.996467,48.9508,2.4463999999999997
1709815042.0632,48.9509,2.4465
1709815042.129933,48.951,2.4465999999999997
1709815042.196667,48.9511,2.4467
1709815042.2634,48.9512,2.4467999999999996
1709815042.330133,48.9513,2.4469
1709815042.396867,48.9514,2.447
1709815042.4636,48.9515,2.4471
1709815042.530333,48.9516,2.4472
1709815042.597067,48.9517,2.4473
1709815042.6638,48.9518,2.4474
1709815042.730533,48.9519,2.4475
1709815042.797267,48.952,2.4476
1709815042.864,48.9521,2.4476999999999998
1709815042.930733,48.9522,2.4478
1709815042.997467,48.9523,2.4478999999999997
1709815043.0642,48.9524,2.448
1709815043.130933,48.9525,2.4480999999999997
1709815043.197667,48.9526,2.4482
1709815043.2644,48.9527,2.4482999999999997
1709815043.331133,48.9528,2.4484
1709815043.397867,48.9529,2.4484999999999997
1709815043.4646,48.953,2.4486
1709815043.531333,48.9531,2.4486999999999997
1709815043.598067,48.9532,2.4488
1709815043.6648,48.9533,2.4489
1709815043.731533,48.9534,2.449
1709815043.798267,48.9535,2.4491
1709815043.865,48.9536,2.4492
1709815043.931733,48.9537,2.4493
1709815043.998467,48.9538,2.4494
1709815044.0652,48.9539,2.4495
1709815044.131933,48.954,2.4495999999999998
1709815044.198667,48.9541,2.4497
1709815044.2654,48.9542,2.4497999999999998
1709815044.332133,48.9543,2.4499
1709815044.398867,48.9544,2.4499999999999997
1709815044.4656,48.9545,2.4501
1709815044.532333,48.9546,2.4501999999999997
1709815044.599067,48.9547,2.4503
1709815044.6658,48.9548,2.4503999999999997
1709815044.732533,48.9549,2.4505
1709815044.799267,48.955,2.4505999999999997
1709815044.866,48.9551,2.4507
1709815044.932733,48.9552,2.4507999999999996
1709815044.999467,48.9553,2.4509
1709815045.0662,48.9554,2.4509999999999996
1709815045.132933,48.9555,2.4511
1709815045.199667,48.9556,2.4512
1709815045.2664,48.9557,2.4513
1709815045.333133,48.9558,2.4514
1709815045.399867,48.9559,2.4515
1709815045.4666,48.956,2.4516
1709815045.533333,48.9561,2.4516999999999998
1709815045.600067,48.9562,2.4518
1709815045.6668,48.9563,2.4518999999999997
1709815045.733533,48.9564,2.452
1709815045.800267,48.9565,2.4520999999999997
1709815045.867,48.9566,2.4522
1709815045.933733,48.9567,2.4522999999999997
1709815046.000467,48.9568,2.4524
1709815046.0672,48.9569,2.4524999999999997
1709815046.133933,48.957,2.4526
1709815046.200667,48.9571,2.4526999999999997
1709815046.2674,48.9572,2.4528
1709815046.334133,48.957300000000004,2.4528999999999996
1709815046.400867,48.9574,2.453
1709815046.4676,48.9575,2.4531
1709815046.534333,48.9576,2.4532
1709815046.601067,48.9577,2.4533
1709815046.6678,48.9578,2.4534
1709815046.734533,48.9579,2.4535
1709815046.801267,48.958,2.4536
1709815046.868,48.9581,2.4537
1709815046.934733,48.9582,2.4537999999999998
1709815047.001467,48.9583,2.4539
1709815047.0682,48.9584,2.4539999999999997
1709815047.134933,48.9585,2.4541
1709815047.201667,48.9586,2.4541999999999997
1709815047.2684,48.9587,2.4543
1709815047.335133,48.958800000000004,2.4543999999999997
1709815047.401867,48.9589,2.4545
1709815047.4686,48.959,2.4545999999999997
1709815047.535333,48.9591,2.4547
1709815047.602067,48.9592,2.4547999999999996
1709815047.6688,48.9593,2.4549
1709815047.735533,48.9594,2.455
1709815047.802267,48.9595,2.4551
1709815047.869,48.9596,2.4552
1709815047.935733,48.9597,2.4553
1709815048.002467,48.9598,2.4554
1709815048.0692,48.9599,2.4555
1709815048.135933,48.96,2.4556
1709815048.202667,48.9601,2.4556999999999998
1709815048.2694,48.9602,2.4558
1709815048.336133,48.960300000000004,2.4558999999999997
1709815048.402867,48.9604,2.456
1709815048.4696,48.9605,2.4560999999999997
1709815048.536333,48.9606,2.4562
1709815048.603067,48.9607,2.4562999999999997
1709815048.6698,48.9608,2.4564
1709815048.736533,48.9609,2.4564999999999997
1709815048.803267,48.961,2.4566
1709815048.87,48.9611,2.4566999999999997
1709815048.936733,48.9612,2.4568
1709815049.003467,48.9613,2.4568999999999996
1709815049.0702,48.9614,2.457
1709815049.136933,48.9615,2.4571
1709815049.203667,48.9616,2.4572
1709815049.2704,48.9617,2.4573
1709815049.337133,48.961800000000004,2.4574
1709815049.403867,48.9619,2.4575
1709815049.4706,48.962,2.4576
1709815049.537333,48.9621,2.4577
1709815049.604067,48.9622,2.4577999999999998
1709815049.6708,48.9623,2.4579
1709815049.737533,48.9624,2.4579999999999997
1709815049.804267,48.9625,2.4581
1709815049.871,48.9626,2.4581999999999997
1709815049.937733,48.9627,2.4583
1709815050.004467,48.9628,2.4583999999999997
1709815050.0712,48.9629,2.4585
1709815050.137933,48.963,2.4585999999999997
1709815050.204667,48.9631,2.4587
1709815050.2714,48.9632,2.4587999999999997
1709815050.338133,48.9633,2.4589
1709815050.404867,48.9634,2.4589999999999996
1709815050.4716,48.9635,2.4591
1709815050.538333,48.9636,2.4592
1709815050.605067,48.9637,2.4593
1709815050.6718,48.9638,2.4594
1709815050.738533,48.9639,2.4595
1709815050.805267,48.964,2.4596
1709815050.872,48.9641,2.4596999999999998
1709815050.938733,48.9642,2.4598
1709815051.005467,48.9643,2.4598999999999998
1709815051.0722,48.9644,2.46
1709815051.138933,48.9645,2.4600999999999997
1709815051.205667,48.9646,2.4602
1709815051.2724,48.9647,2.4602999999999997
1709815051.339133,48.9648,2.4604
1709815051.405867,48.9649,2.4604999999999997
1709815051.4726,48.965,2.4606
1709815051.539333,48.9651,2.4606999999999997
1709815051.606067,48.9652,2.4608
1709815051.6728,48.9653,2.4608999999999996
1709815051.739533,48.9654,2.461
1709815051.806267,48.9655,2.4611
1709815051.873,48.9656,2.4612
1709815051.939733,48.9657,2.4613
1709815052.006467,48.9658,2.4614
1709815052.0732,48.9659,2.4615
1709815052.139933,48.966,2.4616
1709815052.206667,48.9661,2.4617
1709815052.2734,48.9662,2.4617999999999998
1709815052.340133,48.9663,2.4619
1709815052.406867,48.9664,2.4619999999999997
1709815052.4736,48.9665,2.4621
1709815052.540333,48.9666,2.4621999999999997
1709815052.607067,48.9667,2.4623
1709815052.6738,48.9668,2.4623999999999997
1709815052.740533,48.9669,2.4625
1709815052.807267,48.967,2.4625999999999997
1709815052.874,48.9671,2.4627
1709815052.940733,48.9672,2.4627999999999997
1709815053.007467,48.9673,2.4629
1709815053.0742,48.9674,2.463
1709815053.140933,48.9675,2.4631
1709815053.207667,48.9676,2.4632
1709815053.2744,48.9677,2.4633
1709815053.341133,48.9678,2.4634
1709815053.407867,48.9679,2.4635
1709815053.4746,48.968,2.4636
1709815053.541333,48.9681,2.4637
1709815053.608067,48.9682,2.4638
1709815053.6748,48.9683,2.4638999999999998
1709815053.741533,48.9684,2.464
1709815053.808267,48.9685,2.4640999999999997
1709815053.875,48.9686,2.4642
1709815053.941733,48.9687,2.4642999999999997
1709815054.008467,48.9688,2.4644
1709815054.0752,48.9689,2.4644999999999997
1709815054.141933,48.969,2.4646
1709815054.208667,48.9691,2.4646999999999997
1709815054.2754,48.9692,2.4648
1709815054.342133,48.9693,2.4648999999999996
1709815054.408867,48.9694,2.465
1709815054.4756,48.969500000000004,2.4650999999999996
1709815054.542333,48.9696,2.4652
1709815054.609067,48.9697,2.4653
1709815054.6758,48.9698,2.4654
1709815054.742533,48.9699,2.4655
1709815054.809267,48.97,2.4656
1709815054.876,48.9701,2.4657
1709815054.942733,48.9702,2.4657999999999998
1709815055.009467,48.9703,2.4659
1709815055.0762,48.9704,2.4659999999999997
1709815055.142933,48.9705,2.4661
1709815055.209667,48.9706,2.4661999999999997
1709815055.2764,48.9707,2.4663
1709815055.343133,48.9708,2.4663999999999997
1709815055.409867,48.9709,2.4665
1709815055.4766,48.971000000000004,2.4665999999999997
1709815055.543333,48.9711,2.4667
1709815055.610067,48.9712,2.4667999999999997
1709815055.6768,48.9713,2.4669
1709815055.743533,48.9714,2.4669999999999996
1709815055.810267,48.9715,2.4671
1709815055.877,48.9716,2.4672
1709815055.943733,48.9717,2.4673
1709815056.010467,48.9718,2.4674
1709815056.0772,48.9719,2.4675
1709815056.143933,48.972,2.4676
1709815056.210667,48.9721,2.4677
1709815056.2774,48.9722,2.4678
1709815056.344133,48.9723,2.4678999999999998
1709815056.410867,48.9724,2.468
1709815056.4776,48.972500000000004,2.4680999999999997
1709815056.544333,48.9726,2.4682
1709815056.611067,48.9727,2.4682999999999997
1709815056.6778,48.9728,2.4684
1709815056.744533,48.9729,2.4684999999999997
1709815056.811267,48.973,2.4686
1709815056.878,48.9731,2.4686999999999997
1709815056.944733,48.9732,2.4688
1709815057.011467,48.9733,2.4688999999999997
1709815057.0782,48.9734,2.469
1709815057.144933,48.9735,2.4691
1709815057.211667,48.9736,2.4692
1709815057.2784,48.9737,2.4693
1709815057.345133,48.9738,2.4694
1709815057.411867,48.9739,2.4695
1709815057.4786,48.974000000000004,2.4696
1709815057.545333,48.9741,2.4697
1709815057.612067,48.9742,2.4697999999999998
1709815057.6788,48.9743,2.4699
1709815057.745533,48.9744,2.4699999999999998
1709815057.812267,48.9745,2.4701
1709815057.879,48.9746,2.4701999999999997
1709815057.945733,48.9747,2.4703
1709815058.012467,48.9748,2.4703999999999997
1709815058.0792,48.9749,2.4705
1709815058.145933,48.975,2.4705999999999997
1709815058.212667,48.9751,2.4707
1709815058.2794,48.9752,2.4707999999999997
1709815058.346133,48.9753,2.4709
1709815058.412867,48.9754,2.4709999999999996
1709815058.4796,48.9755,2.4711
1709815058.546333,48.9756,2.4712
1709815058.613067,48.9757,2.4713
1709815058.6798,48.9758,2.4714
1709815058.746533,48.9759,2.4715
1709815058.813267,48.976,2.4716
1709815058.88,48.9761,2.4717
1709815058.946733,48.9762,2.4718
1709815059.013467,48.9763,2.4718999999999998
1709815059.0802,48.9764,2.472
1709815059.146933,48.9765,2.4720999999999997
1709815059.213667,48.9766,2.4722
1709815059.2804,48.9767,2.4722999999999997
1709815059.347133,48.9768,2.4724
1709815059.413867,48.9769,2.4724999999999997
1709815059.4806,48.977,2.4726
1709815059.547333,48.9771,2.4726999999999997
1709815059.614067,48.9772,2.4728
1709815059.6808,48.9773,2.4728999999999997
1709815059.747533,48.9774,2.473
1709815059.814267,48.9775,2.4730999999999996
1709815059.881,48.9776,2.4732
1709815059.947733,48.9777,2.4733
1709815060.014467,48.9778,2.4734
1709815060.0812,48.9779,2.4735
1709815060.147933,48.978,2.4736
1709815060.214667,48.9781,2.4737
1709815060.2814,48.9782,2.4737999999999998
1709815060.348133,48.9783,2.4739
1709815060.414867,48.9784,2.4739999999999998
1709815060.4816,48.9785,2.4741
1709815060.548333,48.9786,2.4741999999999997
1709815060.615067,48.9787,2.4743
1709815060.6818,48.9788,2.4743999999999997
1709815060.748533,48.9789,2.4745
1709815060.815267,48.979,2.4745999999999997
1709815060.882,48.9791,2.4747
1709815060.948733,48.9792,2.4747999999999997
1709815061.015467,48.9793,2.4749
1709815061.0822,48.9794,2.4749999999999996
1709815061.148933,48.9795,2.4751
1709815061.215667,48.9796,2.4752
1709815061.2824,48.9797,2.4753
1709815061.349133,48.9798,2.4754
1709815061.415867,48.9799,2.4755
1709815061.4826,48.98,2.4756
1709815061.549333,48.9801,2.4757
1709815061.616067,48.9802,2.4758
1709815061.6828,48.9803,2.4758999999999998
1709815061.749533,48.9804,2.476
1709815061.816267,48.9805,2.4760999999999997
1709815061.883,48.9806,2.4762
1709815061.949733,48.9807,2.4762999999999997
1709815062.016467,48.9808,2.4764
1709815062.0832,48.9809,2.4764999999999997
1709815062.149933,48.981,2.4766
1709815062.216667,48.9811,2.4766999999999997
1709815062.2834,48.9812,2.4768
1709815062.350133,48.9813,2.4768999999999997
1709815062.416867,48.9814,2.477
1709815062.4836,48.9815,2.4771
1709815062.550333,48.9816,2.4772
1709815062.617067,48.981700000000004,2.4773
1709815062.6838,48.9818,2.4774
1709815062.750533,48.9819,2.4775
1709815062.817267,48.982,2.4776
1709815062.884,48.9821,2.4777
1709815062.950733,48.9822,2.4778
1709815063.017467,48.9823,2.4779
1709815063.0842,48.9824,2.4779999999999998
1709815063.150933,48.9825,2.4781
1709815063.217667,48.9826,2.4781999999999997
1709815063.2844,48.9827,2.4783
1709815063.351133,48.9828,2.4783999999999997
1709815063.417867,48.9829,2.4785
1709815063.4846,48.983,2.4785999999999997
1709815063.551333,48.9831,2.4787
1709815063.618067,48.983200000000004,2.4787999999999997
1709815063.6848,48.9833,2.4789
1709815063.751533,48.9834,2.4789999999999996
1709815063.818267,48.9835,2.4791
1709815063.885,48.9836,2.4791999999999996
1709815063.951733,48.9837,2.4793
1709815064.018467,48.9838,2.4794
1709815064.0852,48.9839,2.4795
1709815064.151933,48.984,2.4796
1709815064.218667,48.9841,2.4797
1709815064.2854,48.9842,2.4798
1709815064.352133,48.9843,2.4798999999999998
1709815064.418867,48.9844,2.48
1709815064.4856,48.9845,2.4800999999999997
1709815064.552333,48.9846,2.4802
1709815064.619067,48.984700000000004,2.4802999999999997
1709815064.6858,48.9848,2.4804
1709815064.752533,48.9849,2.4804999999999997
1709815064.819267,48.985,2.4806
1709815064.886,48.9851,2.4806999999999997
1709815064.952733,48.9852,2.4808
1709815065.019467,48.9853,2.4808999999999997
1709815065.0862,48.9854,2.481
1709815065.152933,48.9855,2.4810999999999996
1709815065.219667,48.9856,2.4812
1709815065.2864,48.9857,2.4813
1709815065.353133,48.9858,2.4814
1709815065.419867,48.9859,2.4815
1709815065.4866,48.986,2.4816
1709815065.553333,48.9861,2.4817
1709815065.620067,48.986200000000004,2.4818
1709815065.6868,48.9863,2.4819
1709815065.753533,48.9864,2.4819999999999998
1709815065.820267,48.9865,2.4821
1709815065.887,48.9866,2.4821999999999997
1709815065.953733,48.9867,2.4823
1709815066.020467,48.9868,2.4823999999999997
1709815066.0872,48.9869,2.4825
1709815066.153933,48.987,2.4825999999999997
1709815066.220667,48.9871,2.4827
1709815066.2874,48.9872,2.4827999999999997
1709815066.354133,48.9873,2.4829
1709815066.420867,48.9874,2.4829999999999997
1709815066.4876,48.9875,2.4831
1709815066.554333,48.9876,2.4832
1709815066.621067,48.987700000000004,2.4833
1709815066.6878,48.9878,2.4834
1709815066.754533,48.9879,2.4835
1709815066.821267,48.988,2.4836
1709815066.888,48.9881,2.4837
1709815066.954733,48.9882,2.4838
1709815067.021467,48.9883,2.4838999999999998
1709815067.0882,48.9884,2.484
1709815067.154933,48.9885,2.4840999999999998
1709815067.221667,48.9886,2.4842
1709815067.2884,48.9887,2.4842999999999997
1709815067.355133,48.9888,2.4844
1709815067.421867,48.9889,2.4844999999999997
1709815067.4886,48.989,2.4846
1709815067.555333,48.9891,2.4846999999999997
1709815067.622067,48.9892,2.4848
1709815067.6888,48.9893,2.4848999999999997
1709815067.755533,48.9894,2.485
1709815067.822267,48.9895,2.4851
1709815067.889,48.9896,2.4852
1709815067.955733,48.9897,2.4852999999999996
1709815068.022467,48.9898,2.4854
1709815068.0892,48.9899,2.4855
1709815068.155933,48.99,2.4856
1709815068.222667,48.9901,2.4857
1709815068.2894,48.9902,2.4858
1709815068.356133,48.9903,2.4859
1709815068.422867,48.9904,2.4859999999999998
1709815068.4896,48.9905,2.4861
1709815068.556333,48.9906,2.4861999999999997
1709815068.623067,48.9907,2.4863
1709815068.6898,48.9908,2.4863999999999997
1709815068.756533,48.9909,2.4865
1709815068.823267,48.991,2.4865999999999997
1709815068.89,48.9911,2.4867
1709815068.956733,48.9912,2.4867999999999997
1709815069.023467,48.9913,2.4869
1709815069.0902,48.9914,2.4869999999999997
1709815069.156933,48.9915,2.4871
1709815069.223667,48.9916,2.4871999999999996
1709815069.2904,48.9917,2.4873
1709815069.357133,48.9918,2.4874
1709815069.423867,48.9919,2.4875
1709815069.4906,48.992,2.4876
1709815069.557333,48.9921,2.4877
1709815069.624067,48.9922,2.4878
1709815069.6908,48.9923,2.4879
1709815069.757533,48.9924,2.488
1709815069.824267,48.9925,2.4880999999999998
1709815069.891,48.9926,2.4882
1709815069.957733,48.9927,2.4882999999999997
1709815070.024467,48.9928,2.4884
1709815070.0912,48.9929,2.4884999999999997
1709815070.157933,48.993,2.4886
1709815070.224667,48.9931,2.4886999999999997
1709815070.2914,48.9932,2.4888
1709815070.358133,48.9933,2.4888999999999997
1709815070.424867,48.9934,2.489
1709815070.4916,48.9935,2.4890999999999996
1709815070.558333,48.9936,2.4892
1709815070.625067,48.9937,2.4893
1709815070.6918,48.9938,2.4894
1709815070.758533,48.993900000000004,2.4895
1709815070.825267,48.994,2.4896
1709815070.892,48.9941,2.4897
1709815070.958733,48.9942,2.4898
1709815071.025467,48.9943,2.4899
1709815071.0922,48.9944,2.4899999999999998
1709815071.158933,48.9945,2.4901
1709815071.225667,48.9946,2.4901999999999997
1709815071.2924,48.9947,2.4903
1709815071.359133,48.9948,2.4903999999999997
1709815071.425867,48.9949,2.4905
1709815071.4926,48.995,2.4905999999999997
1709815071.559333,48.9951,2.4907
1709815071.626067,48.9952,2.4907999999999997
1709815071.6928,48.9953,2.4909
1709815071.759533,48.995400000000004,2.4909999999999997
1709815071.826267,48.9955,2.4911
1709815071.893,48.9956,2.4912
1709815071.959733,48.9957,2.4913
1709815072.026467,48.9958,2.4914
1709815072.0932,48.9959,2.4915
1709815072.159933,48.996,2.4916
1709815072.226667,48.9961,2.4917
1709815072.2934,48.9962,2.4918
1709815072.360133,48.9963,2.4919
1709815072.426867,48.9964,2.492
1709815072.4936,48.9965,2.4920999999999998
1709815072.560333,48.9966,2.4922
1709815072.627067,48.9967,2.4922999999999997
1709815072.6938,48.9968,2.4924
1709815072.760533,48.996900000000004,2.4924999999999997
1709815072.827267,48.997,2.4926
1709815072.894,48.9971,2.4926999999999997
1709815072.960733,48.9972,2.4928
1709815073.027467,48.9973,2.4928999999999997
1709815073.0942,48.9974,2.493
1709815073.160933,48.9975,2.4930999999999996
1709815073.227667,48.9976,2.4932
1709815073.2944,48.9977,2.4932999999999996
1709815073.361133,48.9978,2.4934
1709815073.427867,48.9979,2.4935
1709815073.4946,48.998,2.4936
1709815073.561333,48.9981,2.4937
1709815073.628067,48.9982,2.4938
1709815073.6948,48.9983,2.4939
1709815073.761533,48.998400000000004,2.4939999999999998
1709815073.828267,48.9985,2.4941
1709815073.895,48.9986,2.4941999999999998
1709815073.961733,48.9987,2.4943
1709815074.028467,48.9988,2.4943999999999997
1709815074.0952,48.9989,2.4945
1709815074.161933,48.999,2.4945999999999997
1709815074.228667,48.9991,2.4947
1709815074.2954,48.9992,2.4947999999999997
1709815074.362133,48.9993,2.4949
1709815074.428867,48.9994,2.4949999999999997
1709815074.4956,48.9995,2.4951
1709815074.562333,48.9996,2.4951999999999996
1709815074.629067,48.9997,2.4953
1709815074.6958,48.9998,2.4954
1709815074.762533,48.999900000000004,2.4955
1709815074.829267,49.0,2.4956
1709815074.896,49.0001,2.4957
1709815074.962733,49.0002,2.4958
1709815075.029467,49.0003,2.4959
1709815075.0962,49.0004,2.496
1709815075.162933,49.0005,2.4960999999999998
1709815075.229667,49.0006,2.4962
1709815075.2964,49.0007,2.4962999999999997
1709815075.363133,49.0008,2.4964
1709815075.429867,49.0009,2.4964999999999997
1709815075.4966,49.001,2.4966
1709815075.563333,49.0011,2.4966999999999997
1709815075.630067,49.0012,2.4968
1709815075.6968,49.0013,2.4968999999999997
1709815075.763533,49.0014,2.497
1709815075.830267,49.0015,2.4970999999999997
1709815075.897,49.0016,2.4972
1709815075.963733,49.0017,2.4973
1709815076.030467,49.0018,2.4974
1709815076.0972,49.0019,2.4975
1709815076.163933,49.002,2.4976
1709815076.230667,49.0021,2.4977
1709815076.2974,49.0022,2.4978
1709815076.364133,49.0023,2.4979
1709815076.430867,49.0024,2.4979999999999998
1709815076.4976,49.0025,2.4981
1709815076.564333,49.0026,2.4981999999999998
1709815076.631067,49.0027,2.4983
1709815076.6978,49.0028,2.4983999999999997
1709815076.764533,49.0029,2.4985
1709815076.831267,49.003,2.4985999999999997
1709815076.898,49.0031,2.4987
1709815076.964733,49.0032,2.4987999999999997
1709815077.031467,49.0033,2.4989
1709815077.0982,49.0034,2.4989999999999997
1709815077.164933,49.0035,2.4991
1709815077.231667,49.0036,2.4992
1709815077.2984,49.0037,2.4993
1709815077.365133,49.0038,2.4993999999999996
1709815077.431867,49.0039,2.4995
1709815077.4986,49.004,2.4996
1709815077.565333,49.0041,2.4997
1709815077.632067,49.0042,2.4998
1709815077.6988,49.0043,2.4999
1709815077.765533,49.0044,2.5
1709815077.832267,49.0045,2.5000999999999998
1709815077.899,49.0046,2.5002
1709815077.965733,49.0047,2.5002999999999997
1709815078.032467,49.0048,2.5004
1709815078.0992,49.0049,2.5004999999999997
1709815078.165933,49.005,2.5006
1709815078.232667,49.0051,2.5006999999999997
1709815078.2994,49.0052,2.5008
1709815078.366133,49.0053,2.5008999999999997
1709815078.432867,49.0054,2.501
1709815078.4996,49.0055,2.5010999999999997
1709815078.566333,49.0056,2.5012
1709815078.633067,49.0057,2.5012999999999996
1709815078.6998,49.0058,2.5014
1709815078.766533,49.0059,2.5015
1709815078.833267,49.006,2.5016
1709815078.9,49.0061,2.5017
1709815078.966733,49.0062,2.5018
1709815079.033467,49.0063,2.5019
1709815079.1002,49.0064,2.502
1709815079.166933,49.0065,2.5021
1709815079.233667,49.0066,2.5021999999999998
1709815079.3004,49.0067,2.5023
1709815079.367133,49.0068,2.5023999999999997
1709815079.433867,49.0069,2.5025
1709815079.5006,49.007,2.5025999999999997
1709815079.567333,49.0071,2.5027
1709815079.634067,49.0072,2.5027999999999997
1709815079.7008,49.0073,2.5029
1709815079.767533,49.0074,2.5029999999999997
1709815079.834267,49.0075,2.5031
1709815079.901,49.007600000000004,2.5031999999999996
1709815079.967733,49.0077,2.5033
1709815080.034467,49.0078,2.5034
1709815080.1012,49.0079,2.5035
1709815080.167933,49.008,2.5036
1709815080.234667,49.0081,2.5037
1709815080.3014,49.0082,2.5038
1709815080.368133,49.0083,2.5039
1709815080.434867,49.0084,2.504
1709815080.5016,49.0085,2.5040999999999998
1709815080.568333,49.0086,2.5042
1709815080.635067,49.0087,2.5042999999999997
1709815080.7018,49.0088,2.5044
1709815080.768533,49.0089,2.5044999999999997
1709815080.835267,49.009,2.5046
1709815080.902,49.009100000000004,2.5046999999999997
1709815080.968733,49.0092,2.5048
1709815081.035467,49.0093,2.5048999999999997
1709815081.1022,49.0094,2.505
1709815081.168933,49.0095,2.5050999999999997
1709815081.235667,49.0096,2.5052
1709815081.3024,49.0097,2.5053
1709815081.369133,49.0098,2.5054
1709815081.435867,49.0099,2.5055
1709815081.5026,49.01,2.5056
1709815081.569333,49.0101,2.5057
1709815081.636067,49.0102,2.5058
1709815081.7028,49.0103,2.5059
1709815081.769533,49.0104,2.506
1709815081.836267,49.0105,2.5061
1709815081.903,49.010600000000004,2.5061999999999998
1709815081.969733,49.0107,2.5063
1709815082.036467,49.0108,2.5063999999999997
1709815082.1032,49.0109,2.5065
1709815082.169933,49.011,2.5065999999999997
1709815082.236667,49.0111,2.5067
1709815082.3034,49.0112,2.5067999999999997
1709815082.370133,49.0113,2.5069
1709815082.436867,49.0114,2.5069999999999997
1709815082.5036,49.0115,2.5071
1709815082.570333,49.0116,2.5071999999999997
1709815082.637067,49.0117,2.5073
1709815082.7038,49.0118,2.5073999999999996
1709815082.770533,49.0119,2.5075
1709815082.837267,49.012,2.5076
1709815082.904,49.012100000000004,2.5077
1709815082.970733,49.0122,2.5078
1709815083.037467,49.0123,2.5079
1709815083.1042,49.0124,2.508
1709815083.170933,49.0125,2.5080999999999998
1709815083.237667,49.0126,2.5082
1709815083.3044,49.0127,2.5082999999999998
1709815083.371133,49.0128,2.5084
1709815083.437867,49.0129,2.5084999999999997
1709815083.5046,49.013,2.5086
1709815083.571333,49.0131,2.5086999999999997
1709815083.638067,49.0132,2.5088
1709815083.7048,49.0133,2.5088999999999997
1709815083.771533,49.0134,2.509
1709815083.838267,49.0135,2.5090999999999997
1709815083.905,49.0136,2.5092
1709815083.971733,49.0137,2.5092999999999996
1709815084.038467,49.0138,2.5094
1709815084.1052,49.0139,2.5095
1709815084.171933,49.014,2.5096
1709815084.238667,49.0141,2.5097
1709815084.3054,49.0142,2.5098
1709815084.372133,49.0143,2.5099
1709815084.438867,49.0144,2.51
1709815084.5056,49.0145,2.5101
1709815084.572333,49.0146,2.5101999999999998
1709815084.639067,49.0147,2.5103
1709815084.7058,49.0148,2.5103999999999997
1709815084.772533,49.0149,2.5105
1709815084.839267,49.015,2.5105999999999997
1709815084.906,49.0151,2.5107
1709815084.972733,49.0152,2.5107999999999997
1709815085.039467,49.0153,2.5109
1709815085.1062,49.0154,2.5109999999999997
1709815085.172933,49.0155,2.5111
1709815085.239667,49.0156,2.5111999999999997
1709815085.3064,49.0157,2.5113
1709815085.373133,49.0158,2.5114
1709815085.439867,49.0159,2.5115
1709815085.5066,49.016,2.5116
1709815085.573333,49.0161,2.5117
1709815085.640067,49.0162,2.5118
1709815085.7068,49.0163,2.5119
1709815085.773533,49.0164,2.512
1709815085.840267,49.0165,2.5120999999999998
1709815085.907,49.0166,2.5122
1709815085.973733,49.0167,2.5122999999999998
1709815086.040467,49.0168,2.5124
1709815086.1072,49.0169,2.5124999999999997
1709815086.173933,49.017,2.5126
1709815086.240667,49.0171,2.5126999999999997
1709815086.3074,49.0172,2.5128
1709815086.374133,49.0173,2.5128999999999997
1709815086.440867,49.0174,2.513
1709815086.5076,49.0175,2.5130999999999997
1709815086.574333,49.0176,2.5132
1709815086.641067,49.0177,2.5133
1709815086.7078,49.0178,2.5134
1709815086.774533,49.0179,2.5134999999999996
1709815086.841267,49.018,2.5136
1709815086.908,49.0181,2.5137
1709815086.974733,49.0182,2.5138
1709815087.041467,49.0183,2.5139
1709815087.1082,49.0184,2.514
1709815087.174933,49.0185,2.5141
1709815087.241667,49.0186,2.5141999999999998
1709815087.3084,49.0187,2.5143
1709815087.375133,49.0188,2.5143999999999997
1709815087.441867,49.0189,2.5145
1709815087.5086,49.019,2.5145999999999997
1709815087.575333,49.0191,2.5147
1709815087.642067,49.0192,2.5147999999999997
1709815087.7088,49.0193,2.5149
1709815087.775533,49.0194,2.5149999999999997
1709815087.842267,49.0195,2.5151
1709815087.909,49.0196,2.5151999999999997
1709815087.975733,49.0197,2.5153
1709815088.042467,49.019800000000004,2.5153999999999996
1709815088.1092,49.0199,2.5155
1709815088.175933,49.02,2.5156
1709815088.242667,49.0201,2.5157
1709815088.3094,49.0202,2.5158
1709815088.376133,49.0203,2.5159
1709815088.442867,49.0204,2.516
1709815088.5096,49.0205,2.5161
1709815088.576333,49.0206,2.5162
1709815088.643067,49.0207,2.5162999999999998
1709815088.7098,49.0208,2.5164
1709815088.776533,49.0209,2.5164999999999997
1709815088.843267,49.021,2.5166
1709815088.91,49.0211,2.5166999999999997
1709815088.976733,49.0212,2.5168
1709815089.043467,49.021300000000004,2.5168999999999997
1709815089.1102,49.0214,2.517
1709815089.176933,49.0215,2.5170999999999997
1709815089.243667,49.0216,2.5172
1709815089.3104,49.0217,2.5172999999999996
1709815089.377133,49.0218,2.5174
1709815089.443867,49.0219,2.5175
1709815089.5106,49.022,2.5176
1709815089.577333,49.0221,2.5177
1709815089.644067,49.0222,2.5178
1709815089.7108,49.0223,2.5179
1709815089.777533,49.0224,2.518
1709815089.844267,49.0225,2.5181
1709815089.911,49.0226,2.5181999999999998
1709815089.977733,49.0227,2.5183
1709815090.044467,49.022800000000004,2.5183999999999997
1709815090.1112,49.0229,2.5185
1709815090.177933,49.023,2.5185999999999997
1709815090.244667,49.0231,2.5187
1709815090.3114,49.0232,2.5187999999999997
1709815090.378133,49.0233,2.5189
1709815090.444867,49.0234,2.5189999999999997
1709815090.5116,49.0235,2.5191
1709815090.578333,49.0236,2.5191999999999997
1709815090.645067,49.0237,2.5193
1709815090.7118,49.0238,2.5194
1709815090.778533,49.0239,2.5195
1709815090.845267,49.024,2.5196
1709815090.912,49.0241,2.5197
1709815090.978733,49.0242,2.5198
1709815091.045467,49.024300000000004,2.5199
1709815091.1122,49.0244,2.52
1709815091.178933,49.0245,2.5201
1709815091.245667,49.0246,2.5202
1709815091.3124,49.0247,2.5202999999999998
1709815091.379133,49.0248,2.5204
1709815091.445867,49.0249,2.5204999999999997
1709815091.5126,49.025,2.5206
1709815091.579333,49.0251,2.5206999999999997
1709815091.646067,49.0252,2.5208
1709815091.7128,49.0253,2.5208999999999997
1709815091.779533,49.0254,2.521
1709815091.846267,49.0255,2.5210999999999997
1709815091.913,49.0256,2.5212
1709815091.979733,49.0257,2.5212999999999997
1709815092.046467,49.025800000000004,2.5214
1709815092.1132,49.0259,2.5214999999999996
1709815092.179933,49.026,2.5216
1709815092.246667,49.0261,2.5217
1709815092.3134,49.0262,2.5218
1709815092.380133,49.0263,2.5219
1709815092.446867,49.0264,2.522
1709815092.5136,49.0265,2.5221
1709815092.580333,49.0266,2.5221999999999998
1709815092.647067,49.0267,2.5223
1709815092.7138,49.0268,2.5223999999999998
1709815092.780533,49.0269,2.5225
1709815092.847267,49.027,2.5225999999999997
1709815092.914,49.0271,2.5227
1709815092.980733,49.0272,2.5227999999999997
1709815093.047467,49.0273,2.5229
1709815093.1142,49.0274,2.5229999999999997
1709815093.180933,49.0275,2.5231
1709815093.247667,49.0276,2.5231999999999997
1709815093.3144,49.0277,2.5233
1709815093.381133,49.0278,2.5233999999999996
1709815093.447867,49.0279,2.5235
1709815093.5146,49.028,2.5236
1709815093.581333,49.0281,2.5237
1709815093.648067,49.0282,2.5238
1709815093.7148,49.0283,2.5239
1709815093.781533,49.0284,2.524
1709815093.848267,49.0285,2.5241
1709815093.915,49.0286,2.5242
1709815093.981733,49.0287,2.5242999999999998
1709815094.048467,49.0288,2.5244
1709815094.1152,49.0289,2.5244999999999997
1709815094.181933,49.029,2.5246
1709815094.248667,49.0291,2.5246999999999997
1709815094.3154,49.0292,2.5248
1709815094.382133,49.0293,2.5248999999999997
1709815094.448867,49.0294,2.525
1709815094.5156,49.0295,2.5250999999999997
1709815094.582333,49.0296,2.5252
1709815094.649067,49.0297,2.5252999999999997
1709815094.7158,49.0298,2.5254
1709815094.782533,49.0299,2.5255
1709815094.849267,49.03,2.5256
1709815094.916,49.0301,2.5257
1709815094.982733,49.0302,2.5258
1709815095.049467,49.0303,2.5259
1709815095.1162,49.0304,2.526
1709815095.182933,49.0305,2.5261
1709815095.249667,49.0306,2.5262
1709815095.3164,49.0307,2.5263
1709815095.383133,49.0308,2.5263999999999998
1709815095.449867,49.0309,2.5265
1709815095.5166,49.031,2.5265999999999997
1709815095.583333,49.0311,2.5267
1709815095.650067,49.0312,2.5267999999999997
1709815095.7168,49.0313,2.5269
1709815095.783533,49.0314,2.5269999999999997
1709815095.850267,49.0315,2.5271
1709815095.917,49.0316,2.5271999999999997
1709815095.983733,49.0317,2.5273
1709815096.050467,49.0318,2.5273999999999996
1709815096.1172,49.0319,2.5275
1709815096.183933,49.032000000000004,2.5275999999999996
1709815096.250667,49.0321,2.5277
1709815096.3174,49.0322,2.5278
1709815096.384133,49.0323,2.5279
1709815096.450867,49.0324,2.528
1709815096.5176,49.0325,2.5281
1709815096.584333,49.0326,2.5282
1709815096.651067,49.0327,2.5282999999999998
1709815096.7178,49.0328,2.5284
1709815096.784533,49.0329,2.5284999999999997
1709815096.851267,49.033,2.5286
1709815096.918,49.0331,2.5286999999999997
1709815096.984733,49.0332,2.5288
1709815097.051467,49.0333,2.5288999999999997
1709815097.1182,49.0334,2.529
1709815097.184933,49.033500000000004,2.5290999999999997
1709815097.251667,49.0336,2.5292
1709815097.3184,49.0337,2.5292999999999997
1709815097.385133,49.0338,2.5294
1709815097.451867,49.0339,2.5294999999999996
1709815097.5186,49.034,2.5296
1709815097.585333,49.0341,2.5297
1709815097.652067,49.0342,2.5298
1709815097.7188,49.0343,2.5299
1709815097.785533,49.0344,2.53
1709815097.852267,49.0345,2.5301
1709815097.919,49.0346,2.5302
1709815097.985733,49.0347,2.5303
1709815098.052467,49.0348,2.5303999999999998
1709815098.1192,49.0349,2.5305
1709815098.185933,49.035000000000004,2.5305999999999997
1709815098.252667,49.0351,2.5307
1709815098.3194,49.0352,2.5307999999999997
1709815098.386133,49.0353,2.5309
1709815098.452867,49.0354,2.5309999999999997
1709815098.5196,49.0355,2.5311
1709815098.586333,49.0356,2.5311999999999997
1709815098.653067,49.0357,2.5313
1709815098.7198,49.0358,2.5313999999999997
1709815098.786533,49.0359,2.5315
1709815098.853267,49.036,2.5316
1709815098.92,49.0361,2.5317
1709815098.986733,49.0362,2.5318
1709815099.053467,49.0363,2.5319
1709815099.1202,49.0364,2.532
1709815099.186933,49.036500000000004,2.5321
